	600MPE-I	BCK4-I	CAMA1-I	HCC1187-I	HCC2185-I	HCC2218-I	IPH926-I	MDAMB134VI-I	MDAMB330-I	MDAMB453-I	MDAMB468-I	OCUBM-I	SKBR3-I	SUM44PE-I	UACC3133-I	WCRC25-I	ZR7530-I
CDKN2B	WT	WT	WT	WT	WT	WT	WT	WT	MUT	WT	WT	WT	WT	WT	WT	WT	WT
CDKN2C	WT	MUT	WT	WT	WT	WT	WT	WT	WT	WT	WT	WT	WT	WT	WT	WT	WT
CCND1	WT	WT	AMP	WT	WT	WT	WT	AMP	AMP	WT	WT	WT	WT	AMP	AMP	WT	WT
CDK6	WT	WT	WT	WT	WT	WT	WT	WT	WT	WT	WT	WT	WT	WT	WT	AMP	WT
RB1	WT	WT	WT	WT	WT	WT	WT	WT	WT	WT	DEL	MUT	WT	WT	WT	WT	WT
NF2	WT	WT	WT	WT	WT	WT	WT	WT	WT	WT	WT	WT	WT	WT	MUT	WT	WT
FAT1	WT	WT	WT	WT	WT	WT	WT	WT	MUT	WT	WT	WT	WT	WT	WT	WT	WT
FAT4	WT	WT	WT	WT	WT	WT	WT	WT	WT	MUT	WT	MUT	WT	WT	WT	WT	MUT
MGA	WT	WT	WT	WT	WT	WT	WT	WT	WT	MUT	WT	WT	WT	WT	WT	MUT	MUT
EP300	WT	WT	MUT	WT	WT	MUT	WT	WT	WT	WT	WT	WT	WT	WT	WT	WT	WT
NOTCH2	WT	WT	AMP	WT	MUT	WT	WT	WT	WT	WT	WT	WT	WT	WT	WT	WT	MUT
SPEN	WT	WT	WT	MUT	WT	WT	WT	WT	MUT	WT	WT	WT	WT	WT	WT	WT	WT
NCOR1	WT	WT	WT	WT	WT	MUT	WT	WT	WT	WT	WT	WT	WT	WT	WT	WT	WT
PIK3CA	WT	MUT	WT	WT	MUT	WT	WT	WT	WT	MUT	WT	MUT	WT	WT	WT	WT	WT
PTEN	WT	WT	MUT	WT	WT	WT	WT	WT	WT	MUT	MUT	WT	WT	WT	WT	WT	WT
STK11	WT	WT	WT	WT	WT	WT	WT	WT	WT	WT	DEL	WT	WT	WT	DEL	WT	WT
SMAD4	WT	WT	WT	WT	WT	WT	WT	WT	WT	WT	DEL	WT	WT	WT	MUT	WT	WT
EGFR	WT	WT	WT	WT	WT	WT	WT	WT	WT	WT	AMP	WT	WT	WT	WT	WT	WT
ERBB2	WT	MUT	WT	WT	WT	AMP	WT	WT	AMP	WT	MUT	AMP	AMP	WT	MUT	WT	AMP
ERBB4	WT	WT	WT	WT	WT	WT	WT	WT	WT	WT	WT	WT	WT	WT	WT	MUT	WT
FLT3	MUT	WT	WT	WT	WT	WT	WT	WT	WT	WT	WT	WT	WT	WT	WT	WT	WT
SOS1	WT	WT	WT	WT	WT	WT	WT	WT	WT	WT	WT	WT	MUT	WT	WT	WT	WT
PTPN11	WT	WT	WT	WT	WT	WT	WT	WT	WT	WT	WT	WT	WT	WT	WT	WT	MUT
KRAS	MUT	WT	WT	WT	WT	WT	WT	MUT	WT	WT	WT	WT	WT	WT	WT	WT	WT
NRAS	WT	WT	WT	DEL	WT	WT	WT	WT	AMP	WT	WT	WT	WT	WT	WT	WT	WT
BRAF	WT	WT	AMP	WT	WT	WT	WT	WT	WT	WT	WT	WT	WT	WT	WT	WT	MUT
NF1	WT	AMP	WT	WT	WT	WT	WT	WT	AMP	WT	WT	WT	WT	MUT	AMP	WT	WT
CBL	WT	WT	WT	WT	WT	WT	MUT	WT	WT	WT	WT	WT	WT	WT	WT	WT	WT
ARHGAP35	WT	WT	WT	WT	WT	WT	WT	WT	WT	WT	WT	MUT	WT	WT	WT	WT	WT
TP53	MUT	WT	MUT	MUT	MUT	MUT	MUT	MUT	MUT	DEL	MUT	MUT	MUT	MUT	MUT	MUT	WT
ATM	WT	WT	WT	WT	WT	WT	WT	WT	WT	MUT	WT	WT	WT	WT	WT	WT	WT
SFRP1	WT	WT	AMP	WT	WT	WT	WT	WT	WT	WT	WT	WT	WT	WT	WT	WT	WT
SFRP4	WT	WT	WT	WT	WT	WT	WT	WT	WT	WT	WT	WT	AMP	WT	WT	WT	WT
AMER1	WT	WT	WT	WT	WT	WT	WT	WT	WT	WT	WT	WT	WT	MUT	WT	WT	WT
APC	WT	WT	WT	WT	WT	WT	MUT	WT	WT	WT	WT	WT	WT	WT	WT	WT	WT
AXIN2	WT	WT	WT	WT	WT	WT	WT	WT	WT	AMP	WT	WT	WT	WT	WT	AMP	WT
CHD4	WT	MUT	WT	WT	WT	WT	MUT	WT	WT	WT	WT	MUT	WT	WT	WT	WT	WT
BRCA2	WT	WT	WT	WT	WT	WT	MUT	WT	WT	WT	WT	WT	WT	WT	WT	WT	MUT
ATR	WT	WT	WT	WT	WT	WT	WT	WT	WT	WT	WT	WT	WT	WT	WT	WT	MUT
BRIP1	WT	AMP	WT	WT	WT	AMP	WT	WT	WT	AMP	WT	WT	WT	WT	AMP	AMP	WT
ERCC2	WT	WT	WT	WT	WT	WT	MUT	WT	WT	WT	WT	WT	WT	WT	WT	WT	WT
POLQ	WT	WT	WT	WT	WT	WT	WT	WT	WT	MUT	WT	WT	WT	WT	WT	WT	WT
SMARCA4	WT	WT	WT	WT	WT	MUT	WT	WT	WT	WT	WT	WT	WT	WT	WT	WT	WT
